{"cameraMode":{"drawMode":0,"name":"Shaded","section":"Shading Mode"},"sceneLighting":false,"audioPlay":false,"sceneViewState":{"m_AlwaysRefresh":false,"showFog":true,"showSkybox":false,"showFlares":true,"showImageEffects":true,"showParticleSystems":true,"showVisualEffectGraphs":true,"m_FxEnabled":true},"in2DMode":false,"pivot":{"x":-0.7628994584083557,"y":0.023810721933841707,"z":0.07230886816978455},"rotation":{"x":0.123400017619133,"y":0.7689407467842102,"z":-0.6075652837753296,"w":0.1561782956123352},"size":0.2769089341163635,"orthographic":false}